script,tok,len,romanised
Bengali,গ্লোবাল,3321,global
Bengali,টেক,3200,tek
Bengali,ইন্টারন্যাশনাল,3117,intarnyasnal
Bengali,কনস্ট্রাকশনস,2785,knstraksns
Bengali,ইন্ডাস্ট্রিজ,2722,indastrij
Bengali,ট্রেডিং,2693,tredim
Bengali,টেকনোলজিস,2689,teknoljis
Bengali,সলিউশনস,2688,sliusns
Bengali,এন্টারপ্রাইজেস,2673,entarpraijes
Bengali,ফুডস,2627,phuds
Bengali,ইঞ্জিনিয়ারিং,2600,injiniy'arim
Bengali,জয়,2379,jy'
Devanagari,टेक,28323,tek
Devanagari,इंटरनेशनल,28034,imtrnesnl
Devanagari,ग्लोबल,28030,globl
Devanagari,टेक्नोलॉजीज,23743,teknolojij
Devanagari,इंडस्ट्रीज,23708,imdstrij
Devanagari,कंस्ट्रक्शंस,23563,kmstrksms
Devanagari,एंटरप्राइजेज,23559,emtrpraijej
Devanagari,इंजीनियरिंग,23545,imjiniyrimg
Devanagari,सॉल्यूशंस,23299,solyusms
Devanagari,फूड्स,23267,phuds
Devanagari,ट्रेडिंग,23072,tredimg
Devanagari,जय,20932,jy
Gujarati,ટેક,3384,tek
Gujarati,ગ્લોબલ,3152,globl
Gujarati,ઇન્ટરનેશનલ,3028,intrnesnl
Gujarati,ટ્રેડિંગ,2850,tredimg
Gujarati,ફૂડ્સ,2748,phuds
Gujarati,ઇન્ડસ્ટ્રીઝ,2730,indstrijh
Gujarati,એન્ટરપ્રાઇઝિસ,2620,entrpraijhis
Gujarati,ટેક્નોલોજીસ,2620,teknolojis
Gujarati,કન્સ્ટ્રક્શન્સ,2618,knstrksns
Gujarati,સોલ્યુશન્સ,2571,solyusns
Gujarati,એન્જિનિયરિંગ,2481,enjiniyrimg
Gujarati,લક્ષ્મી,2344,lksmi
Gurmukhi,ਇੰਟਰਨੈਸ਼ਨਲ,769,imtrnais'nl
Gurmukhi,ਟੈਕ,751,taik
Gurmukhi,ਗਲੋਬਲ,731,globl
Gurmukhi,ਟ੍ਰੇਡਿੰਗ,655,tredimg
Gurmukhi,ਐਂਟਰਪ੍ਰਾਈਜ਼ਿਜ਼,647,aimtrpraij'ij'
Gurmukhi,ਫੂਡਜ਼,631,phudj'
Gurmukhi,ਸੋਲਿਊਸ਼ਨਜ਼,617,solius'nj'
Gurmukhi,ਇੰਡਸਟ੍ਰੀਜ਼,600,imdstrij'
Gurmukhi,ਇੰਜੀਨੀਅਰਿੰਗ,597,imjiniarimg
Gurmukhi,ਪ੍ਰੋਜੈਕਟਸ,574,projaikts
Gurmukhi,ਟੈਕਨਾਲੋਜੀਜ਼,561,taiknalojij'
Gurmukhi,ਕੰਸਟ੍ਰਕਸ਼ਨਜ਼,556,kmstrks'nj'
Kannada,ಟೆಕ್,4028,tek
Kannada,ಗ್ಲೋಬಲ್,3892,globl
Kannada,ಇಂಟರ್ನ್ಯಾಷನಲ್,3814,imtrnyasnl
Kannada,ಫುಡ್ಸ್,3403,phuds
Kannada,ಟೆಕ್ನಾಲಜೀಸ್,3360,teknaljis
Kannada,ಎಂಟರ್ಪ್ರೈಸಸ್,3343,emtrpraiss
Kannada,ಸೊಲ್ಯೂಷನ್ಸ್,3313,solyusns
Kannada,ಕನ್ಸ್ಟ್ರಕ್ಷನ್ಸ್,3309,knstrksns
Kannada,ಇಂಜಿನಿಯರಿಂಗ್,3300,imjiniyrimg
Kannada,ಇಂಡಸ್ಟ್ರೀಸ್,3297,imdstris
Kannada,ಟ್ರೇಡಿಂಗ್,3191,tredimg
Kannada,ಶ್ರೀ,2996,sri
Malayalam,ടെക്,2176,tek
Malayalam,ഇന്റർനാഷണൽ,1995,inrrnasnl
Malayalam,ഗ്ലോബൽ,1976,globl
Malayalam,എന്റർപ്രൈസസ്,1769,enrrpraiss
Malayalam,ഇൻഡസ്ട്രീസ്,1734,indstris
Malayalam,എൻജിനീയറിംഗ്,1707,enjiniyrimg
Malayalam,ഫുഡ്സ്,1687,phuds
Malayalam,കൺസ്ട്രക്ഷൻസ്,1622,knstrksns
Malayalam,സൊല്യൂഷൻസ്,1615,solyusns
Malayalam,ട്രേഡിംഗ്,1611,tredimg
Malayalam,ടെക്നോളജീസ്,1586,teknoljis
Malayalam,ലക്ഷ്മി,1493,lksmi
Oriya,ଗ୍ଲୋବାଲ୍,880,global
Oriya,ଟେକ୍,752,tek
Oriya,ଇଣ୍ଟରନ୍ୟାସନାଲ୍,737,intrnyasnal
Oriya,ଫୁଡ୍ସ୍,719,phuds
Oriya,ଇଣ୍ଡଷ୍ଟ୍ରିଜ୍,679,indstrij
Oriya,ସଲ୍ୟୁସନ୍ସ୍,677,slyusns
Oriya,ଟେକ୍ନୋଲୋଜିସ୍,655,teknolojis
Oriya,କନଷ୍ଟ୍ରକସନ୍ସ୍,650,knstrksns
Oriya,ଇଞ୍ଜିନିୟରିଂ,646,injiniyrim
Oriya,ଏଣ୍ଟରପ୍ରାଇଜେସ୍,601,entrpraijes
Oriya,ଶ୍ରୀ,593,sri
Oriya,ଟ୍ରେଡିଂ,591,tredim
Tamil,குளோபல்,3562,kulopl
Tamil,டெக்,3466,tek
Tamil,இன்டர்நேஷனல்,3451,intrnesnl
Tamil,எண்டர்பிரைசஸ்,3051,entrpiraics
Tamil,இன்ஜினியரிங்,3022,injiniyrin
Tamil,கன்ஸ்ட்ரக்ஷன்ஸ்,2990,knstrksns
Tamil,ஃபுட்ஸ்,2944,kputs
Tamil,டெக்னாலஜீஸ்,2918,teknaljis
Tamil,சொல்யூஷன்ஸ்,2839,colyusns
Tamil,டிரேடிங்,2816,tiretin
Tamil,இண்டஸ்ட்ரீஸ்,2808,intstris
Tamil,ஜெய்,2701,jey
Telugu,గ్లోబల్,4195,globl
Telugu,టెక్,4064,tek
Telugu,ఇంటర్నేషనల్,4025,imtrnesnl
Telugu,టెక్నాలజీస్,3518,teknaljis
Telugu,ఫుడ్స్,3516,phuds
Telugu,కన్స్ట్రక్షన్స్,3509,knstrksns
Telugu,ఇండస్ట్రీస్,3442,imdstris
Telugu,ఇంజనీరింగ్,3346,imjnirimg
Telugu,సొల్యూషన్స్,3296,solyusns
Telugu,ఎంటర్ప్రైజెస్,3240,emtrpraijes
Telugu,ట్రేడింగ్,3235,tredimg
Telugu,శ్రీ,2896,sri
