split,source,country,form,occurrences,records,per_100_records
test,S1,France,sarl,73486,259452,28.324
test,S1,France,sas,52278,259452,20.149
test,S1,France,eurl,16980,259452,6.545
test,S1,France,sa,12767,259452,4.921
test,S1,France,sasu,10721,259452,4.132
test,S1,France,sci,8360,259452,3.222
test,S1,France,co,84,259452,0.032
test,S1,France,lp,42,259452,0.016
test,S1,France,corp,22,259452,0.008
test,S1,France,pc,18,259452,0.007
test,S1,France,pvt,5,259452,0.002
test,S1,France,inc,3,259452,0.001
test,S1,France,llp,2,259452,0.001
test,S1,France,snc,1,259452,0.0
test,S1,France,ltd,1,259452,0.0
test,S1,India,ltd,611711,809986,75.521
test,S1,India,pvt,507280,809986,62.628
test,S1,India,llp,35503,809986,4.383
test,S1,India,co,23979,809986,2.96
test,S1,India,corp,13038,809986,1.61
test,S1,India,sas,114,809986,0.014
test,S1,India,sa,93,809986,0.011
test,S1,India,pc,89,809986,0.011
test,S1,India,lp,55,809986,0.007
test,S1,India,gmbh,25,809986,0.003
test,S1,India,sci,17,809986,0.002
test,S1,India,llc,10,809986,0.001
test,S1,India,snc,5,809986,0.001
test,S1,US,llc,189052,663106,28.51
test,S1,US,inc,119200,663106,17.976
test,S1,US,pc,25071,663106,3.781
test,S1,US,corp,17678,663106,2.666
test,S1,US,pllc,10220,663106,1.541
test,S1,US,lp,8363,663106,1.261
test,S1,US,co,7665,663106,1.156
test,S1,US,ltd,1597,663106,0.241
test,S1,US,llp,534,663106,0.081
test,S1,US,pvt,266,663106,0.04
test,S1,US,sa,11,663106,0.002
test,S1,US,sas,1,663106,0.0
test,S2,France,sarl,153590,703378,21.836
test,S2,France,sas,113023,703378,16.069
test,S2,France,eurl,46729,703378,6.644
test,S2,France,sa,38433,703378,5.464
test,S2,France,sasu,34707,703378,4.934
test,S2,France,sci,30357,703378,4.316
test,S2,France,snc,8277,703378,1.177
test,S2,France,pc,251,703378,0.036
test,S2,France,co,249,703378,0.035
test,S2,France,lp,156,703378,0.022
test,S2,France,corp,55,703378,0.008
test,S2,France,pvt,13,703378,0.002
test,S2,France,inc,7,703378,0.001
test,S2,France,llp,6,703378,0.001
test,S2,France,ltd,5,703378,0.001
test,S2,France,plc,2,703378,0.0
test,S2,India,ltd,1458014,2312565,63.047
test,S2,India,pvt,1225593,2312565,52.997
test,S2,India,llp,120930,2312565,5.229
test,S2,India,co,73800,2312565,3.191
test,S2,India,corp,47902,2312565,2.071
test,S2,India,sa,334,2312565,0.014
test,S2,India,sas,323,2312565,0.014
test,S2,India,pc,246,2312565,0.011
test,S2,India,lp,159,2312565,0.007
test,S2,India,gmbh,72,2312565,0.003
test,S2,India,sci,51,2312565,0.002
test,S2,India,llc,35,2312565,0.002
test,S2,India,snc,12,2312565,0.001
test,S2,India,plc,2,2312565,0.0
test,S2,India,inc,1,2312565,0.0
test,S2,India,sarl,1,2312565,0.0
test,S2,US,llc,358452,1871330,19.155
test,S2,US,inc,273484,1871330,14.614
test,S2,US,corp,120061,1871330,6.416
test,S2,US,co,87088,1871330,4.654
test,S2,US,ltd,76983,1871330,4.114
test,S2,US,pc,39338,1871330,2.102
test,S2,US,lp,28465,1871330,1.521
test,S2,US,pllc,16148,1871330,0.863
test,S2,US,llp,671,1871330,0.036
test,S2,US,pvt,579,1871330,0.031
test,S2,US,sa,52,1871330,0.003
test,S2,US,sas,9,1871330,0.0
test,S2,US,snc,1,1871330,0.0
test,S3,France,sarl,157562,731615,21.536
test,S3,France,sas,115867,731615,15.837
test,S3,France,eurl,47404,731615,6.479
test,S3,France,sa,39177,731615,5.355
test,S3,France,sasu,35259,731615,4.819
test,S3,France,sci,30869,731615,4.219
test,S3,France,snc,8104,731615,1.108
test,S3,France,co,1042,731615,0.142
test,S3,France,pc,292,731615,0.04
test,S3,France,lp,186,731615,0.025
test,S3,France,corp,58,731615,0.008
test,S3,France,pvt,19,731615,0.003
test,S3,France,inc,9,731615,0.001
test,S3,France,llc,5,731615,0.001
test,S3,France,llp,4,731615,0.001
test,S3,France,ltd,3,731615,0.0
test,S3,France,plc,1,731615,0.0
test,S3,India,ltd,1467876,2405000,61.034
test,S3,India,pvt,1223253,2405000,50.863
test,S3,India,llp,126939,2405000,5.278
test,S3,India,co,77093,2405000,3.206
test,S3,India,corp,47177,2405000,1.962
test,S3,India,sa,353,2405000,0.015
test,S3,India,sas,334,2405000,0.014
test,S3,India,pc,306,2405000,0.013
test,S3,India,lp,176,2405000,0.007
test,S3,India,gmbh,63,2405000,0.003
test,S3,India,sci,38,2405000,0.002
test,S3,India,llc,23,2405000,0.001
test,S3,India,snc,11,2405000,0.0
test,S3,India,plc,9,2405000,0.0
test,S3,India,inc,1,2405000,0.0
test,S3,US,llc,379421,1945701,19.5
test,S3,US,inc,281378,1945701,14.462
test,S3,US,corp,115957,1945701,5.96
test,S3,US,co,87955,1945701,4.52
test,S3,US,ltd,73795,1945701,3.793
test,S3,US,pc,43731,1945701,2.248
test,S3,US,lp,26563,1945701,1.365
test,S3,US,pllc,17168,1945701,0.882
test,S3,US,llp,803,1945701,0.041
test,S3,US,pvt,611,1945701,0.031
test,S3,US,sa,62,1945701,0.003
test,S3,US,sas,10,1945701,0.001
test,S3,US,sci,3,1945701,0.0
test,S3,US,snc,1,1945701,0.0
test,S3,US,plc,1,1945701,0.0
train,S1,India,ltd,667722,883188,75.604
train,S1,India,pvt,553530,883188,62.674
train,S1,India,llp,38640,883188,4.375
train,S1,India,co,26295,883188,2.977
train,S1,India,corp,13778,883188,1.56
train,S1,India,sa,140,883188,0.016
train,S1,India,sas,110,883188,0.012
train,S1,India,pc,108,883188,0.012
train,S1,India,lp,54,883188,0.006
train,S1,India,gmbh,32,883188,0.004
train,S1,India,llc,11,883188,0.001
train,S1,India,sci,10,883188,0.001
train,S1,India,snc,5,883188,0.001
train,S1,India,plc,1,883188,0.0
train,S1,India,inc,1,883188,0.0
train,S1,US,llc,377568,1323633,28.525
train,S1,US,inc,238316,1323633,18.005
train,S1,US,pc,50330,1323633,3.802
train,S1,US,corp,35386,1323633,2.673
train,S1,US,pllc,20531,1323633,1.551
train,S1,US,lp,16509,1323633,1.247
train,S1,US,co,15272,1323633,1.154
train,S1,US,ltd,3217,1323633,0.243
train,S1,US,llp,1086,1323633,0.082
train,S1,US,pvt,435,1323633,0.033
train,S1,US,sa,41,1323633,0.003
train,S1,US,sas,2,1323633,0.0
train,S2,India,ltd,1251911,2017799,62.043
train,S2,India,pvt,1075872,2017799,53.319
train,S2,India,llp,93059,2017799,4.612
train,S2,India,co,64990,2017799,3.221
train,S2,India,corp,42032,2017799,2.083
train,S2,India,sa,354,2017799,0.018
train,S2,India,pc,259,2017799,0.013
train,S2,India,sas,249,2017799,0.012
train,S2,India,lp,117,2017799,0.006
train,S2,India,gmbh,64,2017799,0.003
train,S2,India,sci,27,2017799,0.001
train,S2,India,llc,13,2017799,0.001
train,S2,India,snc,12,2017799,0.001
train,S2,India,plc,5,2017799,0.0
train,S2,India,inc,3,2017799,0.0
train,S2,India,sarl,1,2017799,0.0
train,S2,US,llc,598725,3016817,19.846
train,S2,US,inc,443122,3016817,14.688
train,S2,US,corp,167830,3016817,5.563
train,S2,US,co,111221,3016817,3.687
train,S2,US,ltd,93414,3016817,3.096
train,S2,US,pc,64517,3016817,2.139
train,S2,US,lp,48183,3016817,1.597
train,S2,US,pllc,28212,3016817,0.935
train,S2,US,llp,1247,3016817,0.041
train,S2,US,pvt,747,3016817,0.025
train,S2,US,sa,133,3016817,0.004
train,S2,US,sas,11,3016817,0.0
train,S2,US,snc,2,3016817,0.0
train,S2,US,sci,1,3016817,0.0
train,S2,US,sarl,1,3016817,0.0
train,S3,India,ltd,1262728,2115547,59.688
train,S3,India,pvt,1073986,2115547,50.766
train,S3,India,llp,97850,2115547,4.625
train,S3,India,co,68306,2115547,3.229
train,S3,India,corp,41747,2115547,1.973
train,S3,India,sa,445,2115547,0.021
train,S3,India,pc,275,2115547,0.013
train,S3,India,sas,243,2115547,0.011
train,S3,India,lp,141,2115547,0.007
train,S3,India,gmbh,81,2115547,0.004
train,S3,India,llc,31,2115547,0.001
train,S3,India,sci,27,2115547,0.001
train,S3,India,snc,17,2115547,0.001
train,S3,India,plc,5,2115547,0.0
train,S3,India,inc,3,2115547,0.0
train,S3,India,sarl,1,2115547,0.0
train,S3,US,llc,638320,3170056,20.136
train,S3,US,inc,459124,3170056,14.483
train,S3,US,corp,161900,3170056,5.107
train,S3,US,co,112660,3170056,3.554
train,S3,US,ltd,88276,3170056,2.785
train,S3,US,pc,72608,3170056,2.29
train,S3,US,lp,45975,3170056,1.45
train,S3,US,pllc,30661,3170056,0.967
train,S3,US,llp,1436,3170056,0.045
train,S3,US,pvt,816,3170056,0.026
train,S3,US,sa,152,3170056,0.005
train,S3,US,sas,10,3170056,0.0
train,S3,US,sci,4,3170056,0.0
train,S3,US,snc,2,3170056,0.0
train,S3,US,plc,1,3170056,0.0
